{"Select": {"T01": 1, "T02": 3, "T03": 5, "T04": 9, "T05": 15, "T06": 19, "T07": 23, "T08": 28, "T09": 34, "T10": 40, "T11": 46, "T12": 52, "T13": 58, "T14": 64, "T15": 70, "T16": 76, "T17": 82, "T18": 88, "T19": 94, "T20": 100, "T21": 108, "T22": 116, "T23": 124, "T24": 132, "T25": 140, "T26": 160, "Theater1": 19, "Theater2": 46, "Theater3": 76, "Theater4": 140, "Tutorial": 1},
"Group": {"T01": 1, "T02": 3, "T03": 5, "T04": 9, "T05": 15, "T06": 19, "T07": 23, "T08": 28, "T09": 34, "T10": 40, "T11": 46, "T12": 52, "T13": 58, "T14": 64, "T15": 70, "T16": 76, "T17": 82, "T18": 88, "T19": 94, "T20": 100, "T21": 108, "T22": 116, "T23": 124, "T24": 132, "T25": 140, "T26": 160},
"Phoenix": {"T01": 1, "T02": 3, "T03": 5, "T04": 9, "T05": 15, "T06": 19, "T07": 23, "T08": 28, "T09": 34, "T10": 40, "T11": 46, "T12": 52, "T13": 58, "T14": 64, "T15": 70, "T16": 76, "T17": 82, "T18": 88, "T19": 94, "T20": 100, "T21": 108, "T22": 116, "T23": 124, "T24": 132, "T25": 140, "T26": 160},
"Starlight": {"T01": 15, "T02": 28, "T03": 40, "T04": 58, "T05": 70, "T06": 88, "T07": 100, "T08": 140},
"StarlightTimed": {"T01": 15, "T02": 28, "T03": 40, "T04": 58, "T05": 70, "T06": 88, "T07": 100, "T08": 140},
"StarlightPL1": {"T01": 1},
"StarlightTimedPL1": {"T01": 1},
"StarlightPL5": {"T01": 5},
"StarlightTimedPL5": {"T01": 5}}